node_id,node_name,node_type,vulnerable,critical
N01,Node-01,Server,No,No
N02,Node-02,Server,No,No
N03,Node-03,Server,Yes,No
N04,Node-04,Server,No,No
N05,Node-05,Workstation,No,No
N06,Node-06,Server,No,No
N07,Node-07,Server,Yes,No
N08,Node-08,Server,No,No
N09,Node-09,Server,No,No
N10,Node-10,Workstation,Yes,No
N11,Node-11,Server,No,No
N12,Node-12,Server,No,No
N13,Node-13,Server,No,No
N14,Node-14,Server,Yes,No
N15,Node-15,Workstation,No,Yes
N16,Node-16,Server,No,No
N17,Node-17,Server,No,No
N18,Node-18,Server,Yes,No
N19,Node-19,Server,No,No
N20,Node-20,Workstation,No,Yes
N21,Node-21,Server,No,No
N22,Node-22,Server,Yes,No
N23,Node-23,Server,No,No
N24,Node-24,Server,No,No
N25,Node-25,Workstation,No,Yes
